[
{"time": "18:40 04/09/2021", "newCases_total": "9.521", "case_by_city": {" Ho Chi Minh": "4.104", " Binh Duong": "2.485", " Dong Nai": "992", " Long An": "544", " Tien Giang": "148", " Tay Ninh": "137", " Kien Giang": "125", " Dong Thap": "120", " Quang Binh": "110", " Binh Thuan": "99", " Can Tho": "76", " Dak Lak": "73", " Binh Phuoc": "62", " Ha Noi": "52", " Khanh Hoa": "51", " Da Nang": "47", " Ba Ria - Vung Tau": "39", " An Giang": "35", " Nghe An": "32", " Phu Yen": "29", " Quang Ngai": "23", " Thua Thien Hue": "22", " Soc Trang": "21", " Bac Lieu": "15", " Tra Vinh": "14", " Gia Lai": "12", " Son La": "9", " Thanh Hoa": "8"}},
{"time": "18:20 03/09/2021", "newCases_total": "14.922", "case_by_city": {" Ho Chi Minh": "8.499", " Binh Duong": "3.676", " Dong Nai": "986", " Long An": "564", " Tay Ninh": "267", " Tien Giang": "154", " Kien Giang": "104", " Dong Thap": "82", " Da Nang": "81", " Binh Thuan": "75", " An Giang": "62", " Khanh Hoa": "61", " Ha Noi": "58", " Ba Ria - Vung Tau": "39", " Nghe An": "37", " Quang Ngai": "24", " Phu Yen": "19", " Binh Dinh": "17", " Thanh Hoa": "15", " Can Tho": "10", " Gia Lai": "10", " Dak Nong": "9", " Binh Phuoc": "8", " ), Vinh Long": "8"}},
{"time": "18:25 02/09/2021", "newCases_total": "13.197", "case_by_city": {" Ho Chi Minh": "5.963", " Binh Duong": "4.504", " Dong Nai": "803", " Long An": "583", " Tien Giang": "290", " Kien Giang": "122", " Dong Thap": "102", " Binh Phuoc": "70", " Nghe An": "66", " Tay Ninh": "62", " Khanh Hoa": "58", " Ba Ria - Vung Tau": "57", " Quang Binh": "56", " An Giang": "51", " Thanh Hoa": "50", " Ha Noi": "48", " Da Nang": "42", " Can Tho": "42", " Binh Thuan": "34", " Dak Lak": "34", " Thua Thien Hue": "25", " Binh Dinh": "20", " Quang Ngai": "19", " Soc Trang": "13", " Ca Mau": "11", " Bac Lieu": "8", " ), Ben Tre": "8"}},
{"time": "19:05 31/08/2021", "newCases_total": "12.607", "case_by_city": {" Ho Chi Minh": "5.444", " Binh Duong": "4.530", " Dong Nai": "634", " Long An": "587", " Tien Giang": "214", " Dong Thap": "138", " Da Nang": "123", " Tay Ninh": "118", " Kien Giang": "99", " Nghe An": "81", " Ha Noi": "77", " Khanh Hoa": "66", " Ba Ria - Vung Tau": "64", " Binh Thuan": "59", " Can Tho": "53", " Quang Binh": "47", " Quang Ngai": "40", " Thua Thien Hue": "25", " Phu Yen": "23", " Binh Phuoc": "22", " An Giang": "17", " Dak Lak": "17", " Tra Vinh": "14", " Ben Tre": "13", " Hau Giang": "11", " Binh Dinh": "8", " ), Thanh Hoa": "8"}},
{"time": "18:40 28/08/2021", "newCases_total": "12.103", "case_by_city": {" Ho Chi Minh": "5.481", " Binh Du\u031bo\u031bng": "4.049", " Dong Nai": "797", " Long An": "451", " Tien Giang": "241", " Dong Thap": "143", " Da Nang": "109", " Khanh Hoa": "92", " Quang Binh": "90", " Kien Giang": "77", " Nghe An": "70", " Ha Noi": "61", " Dak Lak": "60", " Binh Thuan": "49", " Can Tho\u031b": "37", " Ba Ria - Vung Tau": "35", " Ben Tre": "25", " Thu\u031ba Thien Hue": "24", " Thanh Hoa": "22", " An Giang": "20", " Phu Yen": "16", " Soc Trang": "16", " Quang Ngai": "15", " Bac Lieu": "13", " Quang Nam": "13", " Tra Vinh": "13", " Binh Phu\u031bo\u031bc": "13", " Hau Giang": "11", " Binh Dinh": "11", " Dak Nong": "8"}},
{"time": "18:30 27/08/2021", "newCases_total": "12.920", "case_by_city": {" Ho Chi Minh": "5.383", " Binh Du\u031bo\u031bng": "4.187", " Dong Nai": "996", " Long An": "454", " Tien Giang": "312", " Da Nang": "202", " Tay Ninh": "132", " Khanh Hoa": "131", " Quang Binh": "125", " Dong Thap": "122", " An Giang": "91", " Binh Thuan": "87", " Ha Noi": "77", " Can Tho\u031b": "72", " Thu\u031ba Thien Hue": "70", " Dak Lak": "63", " Ba Ria - Vung Tau": "59", " Nghe An": "57", " Ben Tre": "31", " Binh Dinh": "29", " Thanh Hoa": "28", " Kien Giang": "28", " Phu Yen": "21", " Tra Vinh": "19", " Binh Phu\u031bo\u031bc": "17", " Hau Giang": "15", " Vinh Long": "14", " Quang Tri": "13", " Quang Ngai": "9", " Soc Trang": "8", " ), Ca Mau": "8"}}
]